{
    "true_symbols": {
        "min": 1.9502683877944946,
        "max": 18.0118350982666,
        "mean": 8.593817590905049,
        "median": 6.504792213439941,
        "count": 1877
    },
    "text_regions": {
        "min": 0.487912118434906,
        "max": 0.8235465288162231,
        "mean": 0.7248713838816029,
        "median": 0.7343219816684723,
        "count": 1402
    },
    "other_structures": {
        "min": 0.4869295656681061,
        "max": 0.8239032626152039,
        "mean": 0.7045985597332186,
        "median": 0.7211399674415588,
        "count": 598
    }
}